id,name,slug,region,continent,submitters,reviewers,rank,score,rank_2014,score_2014,rank_2013,score_2013
tw,Taiwan,taiwan,Asia,Asia,Daniela Mattern~*Mor Rubinstein~*lycurgus kk~*anonymous~*TH Schee~*Tryggvi Björgvinsson~*Ying Chu Chen,Georg Neumann~*Daniela Mattern~*Gil Zaretzer~*Kamil Gregor~*Mor Rubinstein~*Zach Christensen~*anonymous~*yar michl~*Rebecca Sentance~*Ying Chu Chen~*Codrina Maria Ilie,1,73,11,67,36,42
gb,United Kingdom,united-kingdom,Europe,Europe,Owen Boswarva~*Daniela Mattern~*Katelyn Rogers~*Rufus Pollock~*David Read~*Peter Hicks~*Mor Rubinstein~*anonymous,Georg Neumann~*Daniela Mattern~*Katelyn Rogers~*Kamil Gregor~*Neal Bastek~*Mor Rubinstein~*Zach Christensen~*anonymous~*Nisha Thompson~*yar michl~*Rebecca Sentance~*Peter Hicks~*Tryggvi Björgvinsson~*Codrina Maria Ilie,2,72,1,97,1,94
co,Colombia,colombia,LATAM,Americas,Gomezina L~*Daniela Mattern~*Juan Felipe Devia Rodriguez~*Mor Rubinstein~*yar michl~*Tryggvi Björgvinsson,Oscar Montiel~*Gomezina L~*Georg Neumann~*Daniela Mattern~*Gil Zaretzer~*Kamil Gregor~*Mor Rubinstein~*Zach Christensen~*Nisha Thompson~*yar michl~*Rebecca Sentance~*Tryggvi Björgvinsson~*Codrina Maria Ilie,3,71,12,66,76,0
no,Norway,norway,Europe,Europe,Daniela Mattern~*Mor Rubinstein~*anonymous~*Geirmund Knutsen~*Tryggvi Björgvinsson~*Elianne Eggum~*Bergheimivar L,Georg Neumann~*Daniela Mattern~*Kamil Gregor~*Tryggvi Björgvinsson~*Mor Rubinstein~*Zach Christensen~*anonymous~*Nisha Thompson~*Rebecca Sentance~*Bergheimivar L~*Neal Bastek~*Codrina Maria Ilie,4,65,7,71,4,75
fi,Finland,finland,Europe,Europe,anonymous~*Antti Jogi Poikola~*Margit Suurhasko~*Daniela Mattern~*Mor Rubinstein~*Jaakko Korhonen~*Tryggvi Björgvinsson,Daniela Mattern~*Georg Neumann~*Antti Jogi Poikola~*Gil Zaretzer~*Kamil Gregor~*Neal Bastek~*Mor Rubinstein~*Zach Christensen~*anonymous~*Nisha Thompson~*yar michl~*Rebecca Sentance~*Tryggvi Björgvinsson~*Codrina Maria Ilie,4,65,4,73,7,71
uy,Uruguay,uruguay,LATAM,Americas,Daniela Mattern~*Pierre Chrzanowski~*anonymous~*Daniel Carranza~*Tryggvi Björgvinsson,Georg Neumann~*Daniela Mattern~*Gil Zaretzer~*Pierre Chrzanowski~*Etcheverryorena L~*Kamil Gregor~*Tryggvi Björgvinsson~*Mor Rubinstein~*Zach Christensen~*Nisha Thompson~*yar michl~*Rebecca Sentance~*Neal Bastek~*Codrina Maria Ilie,6,64,13,65,76,0
au,Australia,australia,Oceania,Oceania,Alex Sadleir~*Daniela Mattern~*Stephen Gates~*Mor Rubinstein~*anonymous~*Pia Waugh~*Steven De Costa,Pieter Colpaert~*Alex Sadleir~*Georg Neumann~*Daniela Mattern~*Gil Zaretzer~*Kamil Gregor~*Tryggvi Björgvinsson~*Mor Rubinstein~*Zach Christensen~*anonymous~*Nisha Thompson~*yar michl~*Rebecca Sentance~*Neal Bastek~*Codrina Maria Ilie,7,63,5,72,9,66
ca,Canada,canada,North America,Americas,Georg Neumann~*Daniela Mattern~*Mor Rubinstein~*Caitlin Myles~*anonymous~*Frank Hangler~*Tracey P. Lauriault~*Neal Bastek,Georg Neumann~*Daniela Mattern~*Mor Rubinstein~*Kamil Gregor~*Tryggvi Björgvinsson~*yar michl~*Zach Christensen~*James McKinney~*anonymous~*Nisha Thompson~*Pieter Colpaert~*Tracey P. Lauriault~*Rebecca Sentance~*Codrina Maria Ilie,8,62,22,59,12,59
dk,Denmark,denmark,Europe,Europe,Daniela Mattern~*Asmen Gül~*Niels Erik Kaaber Rasmussen~*Mor Rubinstein~*anonymous~*Christian Villum,Daniela Mattern~*Kamil Gregor~*Mor Rubinstein~*Zach Christensen~*anonymous~*Nisha Thompson~*yar michl~*Rebecca Sentance~*Tryggvi Björgvinsson~*Codrina Maria Ilie,9,61,2,82,2,87
us,United States,united-states,Americas,Americas,Daniela Mattern~*Rufus Pollock~*Blessing Jee~*Mor Rubinstein~*Izzy V~*Rebecca Williams - XFB~*anonymous~*Tracey P. Lauriault,Tracey P. Lauriault~*Georg Neumann~*Daniela Mattern~*Gil Zaretzer~*Katelyn Rogers~*Kamil Gregor~*Tryggvi Björgvinsson~*Mor Rubinstein~*Zach Christensen~*anonymous~*Nisha Thompson~*yar michl~*Rebecca Sentance~*Neal Bastek~*Codrina Maria Ilie,10,60,8,70,2,87
fr,France,france,Europe,Europe,Claire-Marie Foulquier-Gazagnes~*Pierre Chrzanowski~*Regards Citoyens~*Daniela Mattern~*anonymous,Georg Neumann~*Daniela Mattern~*Gil Zaretzer~*Pierre Chrzanowski~*Kamil Gregor~*Mor Rubinstein~*Zach Christensen~*anonymous~*Nisha Thompson~*Rebecca Sentance~*Tryggvi Björgvinsson~*Codrina Maria Ilie,11,58,3,80,14,58
nl,Netherlands,netherlands,Europe,Europe,anonymous~*Daniela Mattern~*Maarte n~*Pierre Chrzanowski~*Tarek Amr~*Mor Rubinstein~*Ben Schaap~*Arjan El Fassed~*Stefan de Konink~*Sander van der Waal~*OpenState Contact,Georg Neumann~*Daniela Mattern~*Gil Zaretzer~*Pierre Chrzanowski~*Kamil Gregor~*Tryggvi Björgvinsson~*Mor Rubinstein~*Zach Christensen~*Arjan El Fassed~*anonymous~*yar michl~*Rebecca Sentance~*Neal Bastek~*Codrina Maria Ilie,12,57,17,63,5,74
ro,Romania,romania,Europe,Europe,Ovidiu Voicu~*Mor Rubinstein~*Tracey P. Lauriault~*Tryggvi Björgvinsson~*anonymous,Tracey P. Lauriault~*Silviu Vert~*Gil Zaretzer~*Kamil Gregor~*Neal Bastek~*Mor Rubinstein~*anonymous~*Nisha Thompson~*yar michl~*Rebecca Sentance~*Tryggvi Björgvinsson~*Codrina Maria Ilie,13,56,16,64,15,57
br,Brazil,brazil,LATAM,Americas,Daniela Mattern~*Tryggvi Björgvinsson~*Augusto  Herrmann~*Rodrigo Brito~*anonymous~*Everton Zanella Alvarenga~*Felipe G. Nievinski~*Peter Krauss,Georg Neumann~*Daniela Mattern~*Gil Zaretzer~*Kamil Gregor~*Neal Bastek~*Mor Rubinstein~*Zach Christensen~*anonymous~*Nisha Thompson~*yar michl~*Rebecca Sentance~*Tryggvi Björgvinsson~*Codrina Maria Ilie,14,55,26,54,24,48
im,Isle of Man,isle-of-man,Europe,Europe,Oleg Lavrovsky~*Mor Rubinstein~*Graeme Jones~*anonymous~*Tryggvi Björgvinsson~*Codrina Maria Ilie,Georg Neumann~*Mor Rubinstein~*Gil Zaretzer~*Graeme Jones~*Kamil Gregor~*Tryggvi Björgvinsson~*yar michl~*Zach Christensen~*anonymous~*Nisha Thompson~*Pieter Colpaert~*Rebecca Sentance~*Neal Bastek~*Codrina Maria Ilie,15,54,21,60,17,55
ch,Switzerland,switzerland,Europe,Europe,Oleg Lavrovsky~*anonymous~*Tryggvi Björgvinsson~*Daniela Mattern,Oleg Lavrovsky~*Georg Neumann~*Daniela Mattern~*Gil Zaretzer~*Kamil Gregor~*Mor Rubinstein~*Zach Christensen~*Stephen Gates~*anonymous~*Nisha Thompson~*yar michl~*Rebecca Sentance~*Tryggvi Björgvinsson~*Codrina Maria Ilie,16,50,24,57,12,59
in,India,india,Asia,Asia,Daniela Mattern~*Pierre Chrzanowski~*Akhilesh Srivastava~*Mor Rubinstein~*anonymous~*Shubhadip Biswas~*SUSISahoo KUMAR L,Georg Neumann~*Daniela Mattern~*Pierre Chrzanowski~*Kamil Gregor~*Neal Bastek~*Mor Rubinstein~*anonymous~*Nisha Thompson~*Tryggvi Björgvinsson~*Codrina Maria Ilie,16,50,10,67,27,46
kr,"Korea, Republic of",south-korea,Asia,Asia,Young-Je Lim~*Mor Rubinstein~*Tryggvi Björgvinsson~*anonymous~*James G. Boram Kim,Georg Neumann~*영택 홍~*Gil Zaretzer~*Kamil Gregor~*Neal Bastek~*Mor Rubinstein~*Zach Christensen~*anonymous~*Nisha Thompson~*yar michl~*Rebecca Sentance~*Tryggvi Björgvinsson~*Codrina Maria Ilie,18,49,28,53,32,42
at,Austria,austria,Europe,Europe,Oleg Lavrovsky~*Daniela Mattern~*Mathias Huter~*anonymous~*Martin Kaltenböck~*Tryggvi Björgvinsson,Georg Neumann~*Daniela Mattern~*Ploegerieke L~*Gil Zaretzer~*Kamil Gregor~*Tryggvi Björgvinsson~*Mor Rubinstein~*Zach Christensen~*anonymous~*Nisha Thompson~*Pieter Colpaert~*Rebecca Sentance~*yar michl~*Neal Bastek~*Codrina Maria Ilie,18,49,23,58,23,50
mx,Mexico,mexico,LATAM,Americas,Juan M Casanueva~*anonymous~*Sergio Araiza~*Haydeé Quijano~*Ricardo Pizzuto~*Mor Rubinstein~*Oscar Hernandez~*Enrique Zapata~*Carlos cc,Juan M Casanueva~*Georg Neumann~*Gil Zaretzer~*Kamil Gregor~*Neal Bastek~*Mor Rubinstein~*Zach Christensen~*Enrique Zapata~*Nisha Thompson~*yar michl~*Rebecca Sentance~*anonymous~*Tryggvi Björgvinsson~*Codrina Maria Ilie,18,49,28,53,26,47
ie,Ireland,ireland,Europe,Europe,Denis Parfenov~*Mor Rubinstein~*Dave Corley~*Richard Harris~*anonymous~*Tracey P. Lauriault~*Tryggvi Björgvinsson,Tracey P. Lauriault~*Georg Neumann~*Kamil Gregor~*Neal Bastek~*Mor Rubinstein~*Zach Christensen~*anonymous~*Nisha Thompson~*yar michl~*Rebecca Sentance~*Tryggvi Björgvinsson~*Codrina Maria Ilie,21,48,36,48,41,40
it,Italy,italy,Europe,Europe,Francesca De Chiara~*Maurizio Napolitano~*Mor Rubinstein~*anonymous~*Andrea Raimondi~*Aurelio Cilia~*Tryggvi Björgvinsson,Georg Neumann~*Gil Zaretzer~*Kamil Gregor~*Neal Bastek~*Maurizio Napolitano~*Mor Rubinstein~*Zach Christensen~*anonymous~*Nisha Thompson~*yar michl~*Rebecca Sentance~*Tryggvi Björgvinsson~*Codrina Maria Ilie,21,48,25,54,21,51
cz,Czech Republic,czech-republic,Europe,Europe,Honza Cibulka~*Jáchym Čepický~*Michaela Rybičková~*Mor Rubinstein~*anonymous~*Jiří Táborský~*Tryggvi Björgvinsson~*Jakub Míšek,Georg Neumann~*Michaela Rybičková~*Gil Zaretzer~*Kamil Gregor~*Neal Bastek~*Mor Rubinstein~*Zach Christensen~*anonymous~*Nisha Thompson~*Pieter Colpaert~*Rebecca Sentance~*yar michl~*Tryggvi Björgvinsson~*Codrina Maria Ilie,21,48,13,65,29,45
nz,New Zealand,new-zealand,Oceania,Oceania,Mark Heseltine~*Tryggvi Björgvinsson~*Daniela Mattern~*anonymous,Mor Rubinstein~*Alex Sadleir~*anonymous~*Daniela Mattern,21,48,5,72,9,66
es,Spain,spain,Europe,Europe,José Félix Ontañón~*anonymous~*Daniela Mattern~*Mor Rubinstein~*datosgob .,Georg Neumann~*Daniela Mattern~*Gil Zaretzer~*Kamil Gregor~*Neal Bastek~*Mor Rubinstein~*Zach Christensen~*anonymous~*Nisha Thompson~*yar michl~*Rebecca Sentance~*Tryggvi Björgvinsson~*Codrina Maria Ilie,25,47,31,51,27,46
is,Iceland,iceland,Europe,Europe,Yuhan Ma~*Daniela Mattern~*Svavar Kjarrval~*Páll Hilmarsson~*Mor Rubinstein~*anonymous~*Tryggvi Björgvinsson,Georg Neumann~*Daniela Mattern~*Gil Zaretzer~*Kamil Gregor~*Neal Bastek~*Páll Hilmarsson~*Mor Rubinstein~*Zach Christensen~*anonymous~*Nisha Thompson~*yar michl~*Rebecca Sentance~*Tryggvi Björgvinsson~*Codrina Maria Ilie,25,47,17,63,17,55
se,Sweden,sweden,Europe,Europe,Peter Krantz~*Daniela Mattern~*Asmen Gül~*Niels Erik Kaaber Rasmussen~*anonymous~*Tryggvi Björgvinsson~*Codrina Maria Ilie,Georg Neumann~*Daniela Mattern~*Gil Zaretzer~*Niels Erik Kaaber Rasmussen~*Kamil Gregor~*Neal Bastek~*Mor Rubinstein~*Zach Christensen~*anonymous~*Nisha Thompson~*yar michl~*Rebecca Sentance~*Tryggvi Björgvinsson~*Codrina Maria Ilie,25,47,13,65,8,67
cl,Chile,chile,LATAM,Americas,Ahumada Abrigouis Alberto L~*Leclercouis L~*Daniela Tejada~*IGNACIO ESTEBAN RUIZ~*Diego Ignacio~*Mor Rubinstein~*anonymous~*GONZAURIBE ESTELAO MANUEL L~*Tryggvi Björgvinsson,Daniela Tejada~*Georg Neumann~*Gil Zaretzer~*Kamil Gregor~*Tryggvi Björgvinsson~*Mor Rubinstein~*Zach Christensen~*Nisha Thompson~*yar michl~*Rebecca Sentance~*Neal Bastek~*Codrina Maria Ilie,25,47,20,60,76,0
md,"Moldova, Republic of",moldova,Europe,Europe,Mor Rubinstein~*Codrina Maria Ilie~*Victoria Vlad~*anonymous~*Tryggvi Björgvinsson,Ovidiu Voicu~*Georg Neumann~*Daniela Mattern~*Kamil Gregor~*Tryggvi Björgvinsson~*Mor Rubinstein~*Zach Christensen~*anonymous~*Nisha Thompson~*Rebecca Sentance~*Neal Bastek~*Codrina Maria Ilie,29,46,43,44,19,53
bg,Bulgaria,bulgaria,Europe,Europe,Mor Rubinstein~*Boyan Yurukov~*anonymous,Rayna St~*Georg Neumann~*Kamil Gregor~*Mor Rubinstein~*Zach Christensen~*anonymous~*Nisha Thompson~*Rebecca Sentance~*Tryggvi Björgvinsson~*Codrina Maria Ilie,30,45,51,40,20,52
de,Germany,germany,Europe,Europe,Mara Mendes~*Julia Kloiber~*Daniela Mattern~*Mor Rubinstein~*walter palmetshofer~*Johanna zum Felde~*Michael Hörz~*anonymous~*Sander van der Waal~*Maximilian Heimstädt,Georg Neumann~*Daniela Mattern~*Gil Zaretzer~*Kamil Gregor~*Mor Rubinstein~*Zach Christensen~*Daniel Dietrich~*Stephen Gates~*anonymous~*Nisha Thompson~*Pieter Colpaert~*Rebecca Sentance~*yar michl~*Tryggvi Björgvinsson~*Sander van der Waal~*Codrina Maria Ilie,30,45,9,69,11,61
lv,Latvia,latvia,Europe,Europe,Toms Ceļmillers~*Uldis Bojars~*Tryggvi Björgvinsson~*Mor Rubinstein,Georg Neumann~*Gil Zaretzer~*Kamil Gregor~*Neal Bastek~*Mor Rubinstein~*Zach Christensen~*Nisha Thompson~*Pieter Colpaert~*Rebecca Sentance~*yar michl~*Tryggvi Björgvinsson~*Codrina Maria Ilie,32,44,34,51,76,0
jp,Japan,japan,Asia,Asia,Masayuki Hatta~*Satoshi IIDA~*Daniela Mattern~*Masahiko SHOJI~*Tryggvi Björgvinsson~*Mor Rubinstein~*anonymous~*Tomoaki Watanabe,Masayuki Hatta~*Georg Neumann~*Daniela Mattern~*Gil Zaretzer~*Kamil Gregor~*Mor Rubinstein~*Zach Christensen~*anonymous~*Nisha Thompson~*yar michl~*Rebecca Sentance~*Tryggvi Björgvinsson~*Codrina Maria Ilie,33,43,19,61,32,42
be,Belgium,belgium,Europe,Europe,Pieter-Jan Pauwels~*Deraesara L~*Bert Van Nuffelen~*anonymous~*Pieter Colpaert~*Tryggvi Björgvinsson,Pieter-Jan Pauwels~*Georg Neumann~*Gil Zaretzer~*Kamil Gregor~*Neal Bastek~*Mor Rubinstein~*Zach Christensen~*anonymous~*Nisha Thompson~*yar michl~*Rebecca Sentance~*Tryggvi Björgvinsson~*Codrina Maria Ilie,34,41,53,39,59,26
id,Indonesia,indonesia,Asia,Asia,Diah Setiawaty~*Mor Rubinstein~*Farraz Theda~*Ramda Yanurzha~*anonymous~*Yefta Sutanto,Georg Neumann~*Gil Zaretzer~*Kamil Gregor~*Tryggvi Björgvinsson~*Mor Rubinstein~*Zach Christensen~*Ramda Yanurzha~*anonymous~*Nisha Thompson~*Pieter Colpaert~*Rebecca Sentance~*yar michl~*Neal Bastek~*Codrina Maria Ilie,34,41,45,42,38,41
jm,Jamaica,jamaica,LATAM,Americas,Mor Rubinstein~*Bruce HooFung~*Bruce Hoo Fung~*anonymous~*Georg Neumann,Pieter Colpaert~*Georg Neumann~*Jenny Molloy~*Gil Zaretzer~*Kamil Gregor~*Neal Bastek~*Mor Rubinstein~*Zach Christensen~*Nisha Thompson~*yar michl~*Rebecca Sentance~*Tryggvi Björgvinsson~*Codrina Maria Ilie,34,41,45,42,76,0
th,Thailand,thailand,Asia,Asia,anonymous~*Surasak Suksathit~*Klaikong Vaidhyakarn~*Patipat Susumpow~*Tryggvi Björgvinsson~*Orachat Work,Georg Neumann~*Gil Zaretzer~*Kamil Gregor~*Neal Bastek~*Mor Rubinstein~*Zach Christensen~*Nisha Thompson~*yar michl~*Rebecca Sentance~*Patipat Susumpow~*Tryggvi Björgvinsson~*Codrina Maria Ilie,37,39,61,36,76,0
il,Israel,israel,,,Adam Kariv~*Mor Rubinstein~*Oleg Lavrovsky~*ido ivri~*anonymous,Georg Neumann~*Gil Zaretzer~*Kamil Gregor~*Mor Rubinstein~*Zach Christensen~*anonymous~*Nisha Thompson~*yar michl~*Rebecca Sentance~*Tryggvi Björgvinsson~*Codrina Maria Ilie,38,38,40,46,25,47
kg,Kyrgyzstan,kyrgyzstan,Asia,Asia,Azamat Tokhtaev,Georg Neumann~*Gil Zaretzer~*Kamil Gregor~*Tryggvi Björgvinsson~*Mor Rubinstein~*Zach Christensen~*Nisha Thompson~*yar michl~*Rebecca Sentance~*Neal Bastek~*Codrina Maria Ilie,38,38,113,0,76,0
rw,Rwanda,rwanda,Africa,Africa,Stephen Abbott Pugh~*Tryggvi Björgvinsson~*anonymous,Georg Neumann~*Gil Zaretzer~*Kamil Gregor~*Mor Rubinstein~*Zach Christensen~*Bruce Hoo Fung~*Pieter Colpaert~*Rebecca Sentance~*yar michl~*Tryggvi Björgvinsson~*Codrina Maria Ilie,40,37,78,28,76,0
ko,Kosovo,kosovo,Europe,Europe,Mor Rubinstein~*Adis Ademi~*Arianit Dobroshi~*Tryggvi Björgvinsson~*Kamil Gregor,Georg Neumann~*Gil Zaretzer~*Besfort Guri~*Kamil Gregor~*Mor Rubinstein~*Zach Christensen~*Stephen Gates~*Nisha Thompson~*yar michl~*Rebecca Sentance~*Tryggvi Björgvinsson~*Codrina Maria Ilie,40,37,31,51,76,0
pr,Puerto Rico,puerto-rico,LATAM,Americas,Mor Rubinstein~*anonymous~*Instituto de Estadísticas de Puerto Rico,Georg Neumann~*Gil Zaretzer~*Kamil Gregor~*Neal Bastek~*Mor Rubinstein~*Zach Christensen~*Nisha Thompson~*yar michl~*Rebecca Sentance~*Tryggvi Björgvinsson~*Iris Palma~*Codrina Maria Ilie,42,36,113,0,76,0
tr,Turkey,turkey,Asia,Asia,Ayşegül Engür~*Mor Rubinstein~*Pinar Dag~*anonymous~*Nisha Thompson~*Tryggvi Björgvinsson,Georg Neumann~*berkin Akkocaoglu~*Gil Zaretzer~*Kamil Gregor~*Mor Rubinstein~*Zach Christensen~*Stephen Gates~*Nisha Thompson~*yar michl~*Rebecca Sentance~*Tryggvi Björgvinsson~*Codrina Maria Ilie,42,36,30,52,76,0
al,Albania,albania,Europe,Europe,Blerta Tuci~*Codrina Maria Ilie,Pieter Colpaert~*Georg Neumann~*Gil Zaretzer~*Kamil Gregor~*Mor Rubinstein~*Zach Christensen~*Nisha Thompson~*yar michl~*Rebecca Sentance~*Tryggvi Björgvinsson~*Codrina Maria Ilie,42,36,113,0,76,0
hk,Hong Kong,hong-kong,Asia,Asia,Rob Davidson~*S.C. Edmunds~*Pierre Chrzanowski~*Tryggvi Björgvinsson~*anonymous,Georg Neumann~*FENG GAO~*Gil Zaretzer~*Kamil Gregor~*Tryggvi Björgvinsson~*Mor Rubinstein~*Zach Christensen~*anonymous~*Nisha Thompson~*yar michl~*Rebecca Sentance~*Neal Bastek~*Codrina Maria Ilie,42,36,56,37,59,26
si,Slovenia,slovenia,Europe,Europe,Marieke Guy~*Mor Rubinstein~*anonymous~*Tryggvi Björgvinsson~*Daniela Mattern,Mor Rubinstein~*anonymous~*Daniela Mattern,42,36,26,54,6,72
ge,Georgia,georgia,Asia,Asia,Daniela Mattern~*Kamil Gregor~*Eric Barrett~*Mor Rubinstein~*Derek Dohler~*Tryggvi Björgvinsson,Georg Neumann~*Daniela Mattern~*Mathias Huter~*Gil Zaretzer~*Katelyn Rogers~*Kamil Gregor~*Neal Bastek~*Mor Rubinstein~*Zach Christensen~*Nisha Thompson~*Rebecca Sentance~*Tryggvi Björgvinsson~*Codrina Maria Ilie,47,35,35,50,76,0
lu,Luxembourg ,luxembourg,Europe,Europe,Slim Turki~*Guillaume Rischard,Mor Rubinstein,47,35,113,0,76,0
hu,Hungary,hungary,Europe,Europe,Mor Rubinstein~*sandor lederer~*anonymous~*Anna Orosz,anonymous~*Georg Neumann~*Julia Keserű,49,34,38,47,38,41
gg,Guernsey,guernsey,Europe,Europe,Marcus Ferbrache~*anonymous~*Jason Magee,Georg Neumann~*Gil Zaretzer~*Kamil Gregor~*Tryggvi Björgvinsson~*Mor Rubinstein~*Zach Christensen~*anonymous~*Nisha Thompson~*yar michl~*Rebecca Sentance~*Neal Bastek~*Codrina Maria Ilie,49,34,53,39,43,39
mt,Malta,malta,Europe,Europe,anonymous,anonymous,49,34,31,51,21,51
gr,Greece,greece,Europe,Europe,Charalampos Bratsas~*Mor Rubinstein~*Isidoros Passas~*anonymous~*Sotiris Karampatakis,Andreas P~*Georg Neumann~*Gil Zaretzer~*Kamil Gregor~*Tryggvi Björgvinsson~*Mor Rubinstein~*Zach Christensen~*anonymous~*Nisha Thompson~*yar michl~*Rebecca Sentance~*Neal Bastek~*Codrina Maria Ilie,49,34,56,37,42,39
rs,Serbia,serbia,Europe,Europe,Stevan Gostojić~*Mor Rubinstein~*Tryggvi Björgvinsson~*anonymous,Georg Neumann~*Bojana Dzulovic~*Mor Rubinstein~*anonymous~*Nisha Thompson~*Neal Bastek,49,34,48,42,31,44
sg,Singapore,singapore,Asia,Asia,Mor Rubinstein~*Zhi Yuan Lim~*anonymous,Georg Neumann~*Gil Zaretzer~*Kamil Gregor~*Tryggvi Björgvinsson~*Mor Rubinstein~*Zach Christensen~*anonymous~*Pieter Colpaert~*Rebecca Sentance~*yar michl~*Neal Bastek~*Codrina Maria Ilie,49,34,68,33,49,33
za,South Africa,south-africa,Africa,Africa,Adi Eyal~*Daniela Mattern~*Jason Norwood-Young~*nina lewin~*Mor Rubinstein~*anonymous~*Greg Kempe~*Tryggvi Björgvinsson,Georg Neumann~*Gil Zaretzer~*Kamil Gregor~*Mor Rubinstein~*Zach Christensen~*Stephen Gates~*anonymous~*Nisha Thompson~*Pieter Colpaert~*Rebecca Sentance~*yar michl~*Tryggvi Björgvinsson~*Codrina Maria Ilie,49,34,36,48,52,31
je,Jersey,jersey,Europe,Europe,Marcus Ferbrache~*Graeme Jones~*anonymous,Georg Neumann~*Gil Zaretzer~*Neal Bastek~*Mor Rubinstein~*Graeme Jones~*anonymous~*Nisha Thompson~*yar michl~*Rebecca Sentance~*Tryggvi Björgvinsson~*Codrina Maria Ilie,56,33,53,39,43,39
sk,Slovakia,slovakia,Europe,Europe,Eva Vozárová~*anonymous,Georg Neumann~*Gil Zaretzer~*Kamil Gregor~*Neal Bastek~*Mor Rubinstein~*Zach Christensen~*Jano Suchal~*anonymous~*Nisha Thompson~*Pieter Colpaert~*Rebecca Sentance~*yar michl~*Tryggvi Björgvinsson~*Codrina Maria Ilie,56,33,63,34,45,38
pt,Portugal,portugal,Europe,Europe,Ana Carvalho~*anonymous~*Miguel Laginha~*Ricardo Lafuente~*Aurelio Pires~*Tryggvi Björgvinsson,Ricardo Lafuente~*Miguel Laginha~*Georg Neumann~*Gil Zaretzer~*Kamil Gregor~*Neal Bastek~*Mor Rubinstein~*Zach Christensen~*anonymous~*Nisha Thompson~*Pieter Colpaert~*Rebecca Sentance~*yar michl~*Tryggvi Björgvinsson~*Codrina Maria Ilie,58,32,39,46,16,55
py,Paraguay,paraguay,LATAM,Americas,Juan Pane~*Clara López~*Guillermo Osorio~*Rodrigo Valdez~*Joan Andres Ruax Caballero~*Mor Rubinstein~*anonymous~*Julio Daniel Reyes~*Pablo Lopez~*Martin Poletti~*Tryggvi Björgvinsson,Juan Pane~*Georg Neumann~*Gil Zaretzer~*Kamil Gregor~*Tryggvi Björgvinsson~*Mor Rubinstein~*Zach Christensen~*Nisha Thompson~*yar michl~*Rebecca Sentance~*Neal Bastek~*Codrina Maria Ilie,58,32,41,44,76,0
kz,Kazakhstan,kazakhstan,Asia,Asia,Mor Rubinstein~*Nazerke Akhmetzhanova~*Tryggvi Björgvinsson,Georg Neumann~*Mor Rubinstein~*Gil Zaretzer~*Kamil Gregor~*yar michl~*Zach Christensen~*Nisha Thompson~*Pieter Colpaert~*Rebecca Sentance~*Tryggvi Björgvinsson~*Codrina Maria Ilie,60,30,113,0,76,0
bm,Bermuda,bermuda,LATAM,Americas,Galipeauouis L~*Pierre Chrzanowski~*Mor Rubinstein~*Andrew Simons~*anonymous~*Tryggvi Björgvinsson~*Bruce Hoo Fung,Pieter Colpaert~*Georg Neumann~*Gil Zaretzer~*Pierre Chrzanowski~*Kamil Gregor~*Tryggvi Björgvinsson~*Mor Rubinstein~*Zach Christensen~*anonymous~*Nisha Thompson~*yar michl~*Rebecca Sentance~*Christian Villum~*Neal Bastek~*Codrina Maria Ilie,60,30,65,34,47,36
sn,Senegal,senegal,Africa,Africa,Mamadou Diagne~*Mor Rubinstein~*Pierre Chrzanowski~*anonymous,Georg Neumann~*Katelyn Rogers~*Gil Zaretzer~*Pierre Chrzanowski~*Kamil Gregor~*Tryggvi Björgvinsson~*Mor Rubinstein~*Zach Christensen~*anonymous~*Nisha Thompson~*yar michl~*Rebecca Sentance~*Neal Bastek~*Codrina Maria Ilie,62,29,65,34,64,21
ru,Russian Federation,russia,Europe,Europe,Ivan Begtin~*Tryggvi Björgvinsson~*anonymous~*Татьяна Толстенева,Georg Neumann~*Gil Zaretzer~*Kamil Gregor~*Neal Bastek~*Ivan Begtin~*Mor Rubinstein~*Zach Christensen~*anonymous~*Nisha Thompson~*Pieter Colpaert~*Rebecca Sentance~*yar michl~*Tryggvi Björgvinsson~*Codrina Maria Ilie,62,29,45,42,32,42
ua,Ukraine,ukraine,Europe,Europe,Mor Rubinstein~*Vladimir Shemayev~*anonymous,Vladimir Shemayev~*Georg Neumann~*Gil Zaretzer~*Kamil Gregor~*Neal Bastek~*Mor Rubinstein~*Zach Christensen~*Nisha Thompson~*yar michl~*Rebecca Sentance~*Tryggvi Björgvinsson~*Codrina Maria Ilie,62,29,71,32,76,0
ar,Argentina,argentina,LATAM,Americas,Yamila García~*Mor Rubinstein~*Martín Szyszlican~*anonymous~*Paula Alzualde,Georg Neumann~*Gil Zaretzer~*Paula Alzualde~*Kamil Gregor~*Tryggvi Björgvinsson~*Mor Rubinstein~*Zach Christensen~*yar michl~*Rebecca Sentance~*Silvana Fumega~*Neal Bastek~*Codrina Maria Ilie,65,28,50,41,76,0
bf,Burkina Faso,burkina-faso,Africa,Africa,Idriss TINTO~*anonymous,Georg Neumann~*Gil Zaretzer~*Katelyn Rogers~*Kamil Gregor~*Tryggvi Björgvinsson~*Mor Rubinstein~*Zach Christensen~*anonymous~*Nisha Thompson~*yar michl~*Rebecca Sentance~*Idriss TINTO~*Neal Bastek~*Codrina Maria Ilie,65,28,61,36,46,37
ec,Ecuador,ecuador,LATAM,Americas,Eduardo Bejar~*Julio Lopez~*Mariel García M~*anonymous~*Mor Rubinstein,Georg Neumann~*Paula Alzualde~*Kamil Gregor~*Mor Rubinstein~*Zach Christensen~*Stephen Gates~*anonymous~*Nisha Thompson~*yar michl~*Rebecca Sentance~*Mariel García M~*Tryggvi Björgvinsson~*Codrina Maria Ilie,65,28,44,43,32,42
ke,Kenya,kenya,Africa,Africa,Oleg Lavrovsky~*Serah Rono~*Mor Rubinstein~*anonymous~*Christian Villum~*Tryggvi Björgvinsson,Christian Villum~*Georg Neumann~*Gil Zaretzer~*Kamil Gregor~*Tryggvi Björgvinsson~*Mor Rubinstein~*Zach Christensen~*Bruce Hoo Fung~*anonymous~*Nisha Thompson~*Pieter Colpaert~*Rebecca Sentance~*yar michl~*Neal Bastek,65,28,92,21,65,19
ky,Cayman Islands,cayman-islands,North America,Americas,Bruce Hoo Fung~*anonymous,Georg Neumann~*Gil Zaretzer~*Kamil Gregor~*Tryggvi Björgvinsson~*Mor Rubinstein~*Zach Christensen~*anonymous~*Nisha Thompson~*yar michl~*Rebecca Sentance~*Neal Bastek~*Codrina Maria Ilie,65,28,74,31,53,31
pl,Poland,poland,Europe,Europe,anonymous,anonymous,65,28,48,42,36,42
om,Oman,oman,MENA,Asia,Rayna St~*Riyadh Al-Balushi~*Tryggvi Björgvinsson~*anonymous~*Codrina Maria Ilie,Rayna St~*Georg Neumann~*Gil Zaretzer~*Kamil Gregor~*Tryggvi Björgvinsson~*Tarek Amr~*Mor Rubinstein~*Zach Christensen~*anonymous~*Nisha Thompson~*yar michl~*Rebecca Sentance~*Neal Bastek~*Codrina Maria Ilie,71,27,100,18,72,6
bj,Benin,benin,Africa,Africa,Nick Ingalls~*Oleg Lavrovsky~*Pierre Chrzanowski~*anonymous,Oleg Lavrovsky~*Georg Neumann~*Gil Zaretzer~*Kamil Gregor~*Tryggvi Björgvinsson~*Mamadou Diagne~*Mor Rubinstein~*Zach Christensen~*Nisha Thompson~*yar michl~*Rebecca Sentance~*Neal Bastek~*Codrina Maria Ilie,71,27,99,18,76,0
hr,Croatia,croatia,Europe,Europe,Miroslav Schlossberg~*Drazen Hoffmann~*Tryggvi Björgvinsson~*anonymous,Stevan Gostojić~*Mor Rubinstein~*anonymous,71,27,51,40,30,44
ph,Philippines,philippines,Asia,Asia,Jo De Guia~*Daniela Mattern~*anonymous~*Tryggvi Björgvinsson,Happy Feraren~*Georg Neumann~*Daniela Mattern~*Gil Zaretzer~*Kamil Gregor~*Mor Rubinstein~*Zach Christensen~*Nisha Thompson~*Pieter Colpaert~*Rebecca Sentance~*yar michl~*Tryggvi Björgvinsson~*Codrina Maria Ilie,71,27,74,31,76,0
pk,Pakistan,pakistan,Asia,Asia,Mujtaba Hussain~*Mor Rubinstein~*Tryggvi Björgvinsson~*anonymous~*Nouman Nazim,Georg Neumann~*Gil Zaretzer~*Kamil Gregor~*Nouman Nazim~*Mor Rubinstein~*Zach Christensen~*anonymous~*Nisha Thompson~*yar michl~*Rebecca Sentance~*Tryggvi Björgvinsson~*Codrina Maria Ilie,75,26,41,44,71,7
mk,"Macedonia, the Former Yugoslav Republic of",macedonia,Europe,Europe,Metamorphosis Foundation,Georg Neumann~*Daniela Mattern~*Gil Zaretzer~*Kamil Gregor~*Mor Rubinstein~*Zach Christensen~*Stephen Gates~*Nisha Thompson~*Pieter Colpaert~*Rebecca Sentance~*yar michl~*Tryggvi Björgvinsson~*Codrina Maria Ilie,75,26,63,34,76,0
bd,Bangladesh,bangladesh,Asia,Asia,Mor Rubinstein~*Daniela Mattern~*anonymous~*Hasive Nur Chowdhury~*Tryggvi Björgvinsson,Georg Neumann~*Nasir Khan~*Mor Rubinstein~*anonymous~*Nisha Thompson~*Neal Bastek,75,26,68,33,49,33
cm,Cameroon,cameroon,Africa,Africa,Katelyn Rogers~*Charlie Martial NGOUNOU~*anonymous~*Nick Ingalls~*Jean Brice TETKA~*Tryggvi Björgvinsson,Georg Neumann~*Gil Zaretzer~*Katelyn Rogers~*Kamil Gregor~*Mor Rubinstein~*Zach Christensen~*Stephen Gates~*Nisha Thompson~*yar michl~*Rebecca Sentance~*Idriss TINTO~*Tryggvi Björgvinsson,78,25,91,22,76,0
np,Nepal,nepal,Asia,Asia,Mor Rubinstein~*Nikesh Balami~*anonymous~*Tryggvi Björgvinsson~*Niroj Panta,Georg Neumann~*Kshitiz Khanal~*Gil Zaretzer~*Kamil Gregor~*Neal Bastek~*Mor Rubinstein~*Zach Christensen~*anonymous~*Nisha Thompson~*yar michl~*Rebecca Sentance~*Tryggvi Björgvinsson~*Codrina Maria Ilie,78,25,65,34,55,30
cr,Costa Rica,costa-rica,LATAM,Americas,Mor Rubinstein~*camila salazar~*Ignacio Alfaro~*anonymous~*Alejandro Sanabria~*Tryggvi Björgvinsson,Oscar Montiel~*Georg Neumann~*Sander van der Waal~*Gil Zaretzer~*Kamil Gregor~*Tryggvi Björgvinsson~*Mor Rubinstein~*Zach Christensen~*anonymous~*Nisha Thompson~*yar michl~*Mariel García M~*Neal Bastek~*Iris Palma~*Codrina Maria Ilie,78,25,56,37,48,34
ma,Morocco,morocco,Africa,Africa,Rayna St~*azeddine zroura~*Chadi Nanaa~*Tarek Amr~*Mor Rubinstein~*anonymous~*Anass Beddi,Rayna St~*Georg Neumann~*Gil Zaretzer~*Kamil Gregor~*Mor Rubinstein~*Zach Christensen~*Stephen Gates~*anonymous~*Nisha Thompson~*yar michl~*Rebecca Sentance~*Tryggvi Björgvinsson~*Codrina Maria Ilie,78,25,84,25,69,11
lc,Saint Lucia,saint-lucia,Americas,Americas,Bruce Hoo Fung~*anonymous,Pieter Colpaert~*Georg Neumann~*Gil Zaretzer~*Kamil Gregor~*Neal Bastek~*Mor Rubinstein~*Zach Christensen~*anonymous~*Nisha Thompson~*yar michl~*Rebecca Sentance~*Tryggvi Björgvinsson~*Codrina Maria Ilie,82,24,112,4,73,4
bh,Bahrain,bahrain,MENA,Asia,Riyadh Al-Balushi~*anonymous,Georg Neumann~*Gil Zaretzer~*Kamil Gregor~*Tryggvi Björgvinsson~*Mor Rubinstein~*Zach Christensen~*anonymous~*Nisha Thompson~*yar michl~*Rebecca Sentance~*Neal Bastek~*Codrina Maria Ilie,82,24,101,16,66,16
gt,Guatemala,guatemala,LATAM,Americas,Iscelle Marsicovetere~*Stuardo Rodriguez~*Joel Peñate~*Mor Rubinstein~*anonymous~*Julio Herrera~*Tryggvi Björgvinsson,Oscar Montiel~*Georg Neumann~*Gil Zaretzer~*Kamil Gregor~*Tryggvi Björgvinsson~*Mor Rubinstein~*Zach Christensen~*Nisha Thompson~*yar michl~*Rebecca Sentance~*Neal Bastek~*Codrina Maria Ilie,84,23,71,32,76,0
sv,El Salvador,el-salvador,LATAM,Americas,Mor Rubinstein~*Hernández Quirósorena L~*anonymous~*Iris Palma,Georg Neumann~*Gil Zaretzer~*Kamil Gregor~*Mor Rubinstein~*Zach Christensen~*Stephen Gates~*Hernández Quirósorena L~*Nisha Thompson~*Pieter Colpaert~*Rebecca Sentance~*yar michl~*Tryggvi Björgvinsson~*Codrina Maria Ilie,84,23,59,37,76,0
tt,Trinidad and Tobago,trinidad-and-tobago,Americas,Americas,Matthew McNaughton~*Mor Rubinstein~*Bruce Hoo Fung~*anonymous~*Tryggvi Björgvinsson,Matthew McNaughton~*Georg Neumann~*Gil Zaretzer~*Kamil Gregor~*Mor Rubinstein~*Zach Christensen~*Nisha Thompson~*Rebecca Sentance~*Tryggvi Björgvinsson~*Codrina Maria Ilie,84,23,113,0,76,0
dm,Dominica,dominica,LATAM,Americas,anonymous~*Veronne Nicholas,Georg Neumann~*Gil Zaretzer~*Kamil Gregor~*Tryggvi Björgvinsson~*Mor Rubinstein~*Zach Christensen~*Nisha Thompson~*yar michl~*Neal Bastek~*Codrina Maria Ilie,84,23,113,0,76,0
bo,"Bolivia, Plurinational State of",bolivia,LATAM,Americas,Mor Rubinstein~*Mariana Leyton~*FERNANDO MOLINA~*anonymous~*Fabián Soria,Georg Neumann~*Yamila García~*Gil Zaretzer~*Kamil Gregor~*Mor Rubinstein~*Zach Christensen~*Nisha Thompson~*yar michl~*Tryggvi Björgvinsson~*Codrina Maria Ilie,88,21,113,0,76,0
do,Dominican Republic,dominican-republic,LATAM,Americas,Eliaquín Encarnación~*anonymous~*Tryggvi Björgvinsson~*Kamil Gregor,Georg Neumann~*Gil Zaretzer~*Kamil Gregor~*Tryggvi Björgvinsson~*Mor Rubinstein~*Zach Christensen~*Nisha Thompson~*Rebecca Sentance~*Neal Bastek~*Codrina Maria Ilie,88,21,113,0,76,0
az,Azerbaijan,azerbaijan,,,Mor Rubinstein~*Codrina Maria Ilie,Georg Neumann~*Gil Zaretzer~*Kamil Gregor~*Tryggvi Björgvinsson~*Mor Rubinstein~*Zach Christensen~*Nisha Thompson~*yar michl~*Rebecca Sentance~*Neal Bastek~*Codrina Maria Ilie,88,21,113,0,76,0
lt,Lithuania,lithuania,Europe,Europe,Ploegerieke L~*Tryggvi Björgvinsson~*anonymous~*Karolis Granickas,Mor Rubinstein~*anonymous~*Karolis Granickas,88,21,73,32,51,32
eg,Egypt,egypt,MENA,Africa,Rayna St~*Sadeek Hasna~*Tarek Amr~*Mor Rubinstein~*Riyadh Al-Balushi~*anonymous~*Tryggvi Björgvinsson,Rayna St~*Georg Neumann~*Gil Zaretzer~*Zach Christensen~*Neal Bastek~*Mor Rubinstein~*Riyadh Al-Balushi~*anonymous~*Nisha Thompson~*Rebecca Sentance~*Tryggvi Björgvinsson~*Codrina Maria Ilie,92,20,86,24,53,31
tn,Tunisia,tunisia,MENA,Africa,Rayna St~*Kamel Abdellaoui~*Katelyn Rogers~*Yosr Jouini~*Tarek Amr~*anonymous,Rayna St~*Georg Neumann~*Gil Zaretzer~*Kamil Gregor~*Mor Rubinstein~*Zach Christensen~*Stephen Gates~*anonymous~*Nisha Thompson~*yar michl~*Rebecca Sentance~*Tryggvi Björgvinsson~*Codrina Maria Ilie,92,20,68,33,55,30
gy,Guyana,guyana,LATAM,Americas,Mor Rubinstein~*Bruce Hoo Fung,Georg Neumann~*Gil Zaretzer~*Kamil Gregor~*Tryggvi Björgvinsson~*Mor Rubinstein~*Zach Christensen~*Nisha Thompson~*yar michl~*Rebecca Sentance~*Neal Bastek~*Codrina Maria Ilie,92,20,113,0,76,0
vi,"Virgin Islands, U.S.",virgin-islands-us,Americas,Americas,Graeme Jones~*Tryggvi Björgvinsson~*Daniela Mattern,Mor Rubinstein~*Christian Villum~*Graeme Jones~*Daniela Mattern,92,20,76,30,76,0
tj,Tajikistan,tajikistan,Asia,Asia,Asomiddin Atoev~*anonymous,Georg Neumann~*Gil Zaretzer~*Kamil Gregor~*Mor Rubinstein~*Zach Christensen~*Daniel Dietrich~*Nisha Thompson~*yar michl~*Rebecca Sentance~*Tryggvi Björgvinsson~*Codrina Maria Ilie,96,19,113,0,76,0
cn,China,china,Asia,Asia,FENG GAO~*OKFN CN~*Pierre Chrzanowski~*anonymous,Georg Neumann~*FENG GAO~*Gil Zaretzer~*Kamil Gregor~*Tryggvi Björgvinsson~*Mor Rubinstein~*Zach Christensen~*anonymous~*Nisha Thompson~*yar michl~*Rebecca Sentance~*Neal Bastek~*Codrina Maria Ilie,96,19,60,36,38,41
bw,Botswana,botswana,Africa,Africa,Mor Rubinstein~*danny wilson~*Tryggvi Björgvinsson~*anonymous,Christian Villum~*Georg Neumann~*Gil Zaretzer~*Kamil Gregor~*Neal Bastek~*Mor Rubinstein~*Zach Christensen~*Nisha Thompson~*Pieter Colpaert~*Rebecca Sentance~*yar michl~*Tryggvi Björgvinsson~*Codrina Maria Ilie,98,18,95,20,76,0
qa,Qatar,qatar,MENA,Asia,Tarek Amr~*Riyadh Al-Balushi,Georg Neumann~*Gil Zaretzer~*Kamil Gregor~*Neal Bastek~*Tarek Amr~*Mor Rubinstein~*Zach Christensen~*Nisha Thompson~*yar michl~*Rebecca Sentance~*Tryggvi Björgvinsson~*Codrina Maria Ilie,98,18,113,0,76,0
gh,Ghana,ghana,Africa,Africa,Andrews Otoo~*Jenny Molloy~*Mor Rubinstein~*Jerry Sam~*Nehemiah Attigah~*anonymous~*Tryggvi Björgvinsson,yar michl~*Mor Rubinstein~*Neal Bastek~*Georg Neumann,98,18,89,23,76,0
zm,Zambia,zambia,Africa,Africa,Mor Rubinstein~*Fatumata Kabemba~*Tryggvi Björgvinsson~*anonymous,Mor Rubinstein~*Katelyn Rogers,98,18,80,27,76,0
gi,Gibraltar,gibraltar,Europe,Europe,anonymous,anonymous,102,17,81,26,59,26
jo,Jordan,jordan,MENA,Asia,Tarek Amr~*Marieke Guy~*anonymous~*Tryggvi Björgvinsson~*Sadeek Hasna,Rayna St~*Georg Neumann~*Gil Zaretzer~*Kamil Gregor~*Neal Bastek~*Mor Rubinstein~*Zach Christensen~*Nisha Thompson~*Pieter Colpaert~*Rebecca Sentance~*yar michl~*Tryggvi Björgvinsson~*Codrina Maria Ilie,102,17,111,5,76,0
tz,"Tanzania, United Republic of",tanzania,Africa,Africa,Pierre Chrzanowski~*Tryggvi Björgvinsson~*anonymous~*Joachim Mangilima,Georg Neumann~*Joachim Mangilima~*Gil Zaretzer~*Pierre Chrzanowski~*Kamil Gregor~*Mor Rubinstein~*Zach Christensen~*Stephen Gates~*Nisha Thompson~*yar michl~*Rebecca Sentance~*Tryggvi Björgvinsson~*Codrina Maria Ilie,102,17,95,20,76,0
pa,Panama,panama,LATAM,Americas,HAMZAH HAJI~*Ivan Barria Grimaldo~*Lópezuis L~*Pierre Chrzanowski~*Mor Rubinstein~*Carlos Raul Piad T~*Maria Isabel Vega,Georg Neumann~*Gil Zaretzer~*Pierre Chrzanowski~*Kamil Gregor~*Neal Bastek~*Mor Rubinstein~*Zach Christensen~*Nisha Thompson~*yar michl~*Rebecca Sentance~*Mariel García M~*Tryggvi Björgvinsson~*Codrina Maria Ilie,102,17,84,25,76,0
ba,Bosnia and Herzegovina,bosnia-and-herzegovina,Europe,Europe,Rayna St~*dalio sijah~*Damir Dajanovic~*anonymous~*Mor Rubinstein,Stevan Gostojić~*Rayna St~*Georg Neumann~*Nisha Thompson,106,16,95,20,76,0
sa,Saudi Arabia,saudi-arabia,MENA,Asia,Tarek Amr~*Riyadh Al-Balushi~*anonymous,Pieter Colpaert~*Georg Neumann~*Gil Zaretzer~*Kamil Gregor~*Neal Bastek~*Mor Rubinstein~*Zach Christensen~*anonymous~*Nisha Thompson~*yar michl~*Rebecca Sentance~*Tryggvi Björgvinsson~*Codrina Maria Ilie,106,16,78,28,57,28
zw,Zimbabwe,zimbabwe,Africa,Africa,Mor Rubinstein~*Katelyn Rogers,Mor Rubinstein~*Katelyn Rogers,106,16,87,24,76,0
gd,Grenada,grenada,North America,Americas,Bruce Hoo Fung~*anonymous,Georg Neumann~*Gil Zaretzer~*Kamil Gregor~*Neal Bastek~*Mor Rubinstein~*Zach Christensen~*Nisha Thompson~*yar michl~*Rebecca Sentance~*Tryggvi Björgvinsson~*Codrina Maria Ilie,109,15,113,0,76,0
ci,Côte d'Ivoire,cote-divoire,Africa,Africa,Daniela Mattern~*Katelyn Rogers~*Mor Rubinstein~*anonymous~*Sarah Clavel~*Nick Ingalls,Margo Thierry~*Georg Neumann~*Daniela Mattern~*Gil Zaretzer~*Katelyn Rogers~*Kamil Gregor~*Mor Rubinstein~*Zach Christensen~*Nisha Thompson~*yar michl~*Rebecca Sentance~*Tryggvi Björgvinsson~*Codrina Maria Ilie,109,15,83,25,76,0
kw,Kuwait,kuwait,MENA,Asia,Tarek Amr~*Sadeek Hasna,Georg Neumann~*Gil Zaretzer~*Kamil Gregor~*Tryggvi Björgvinsson~*Mor Rubinstein~*Zach Christensen~*Nisha Thompson~*yar michl~*Rebecca Sentance~*Neal Bastek~*Codrina Maria Ilie,109,15,113,0,76,0
ml,Mali,mali,Africa,Africa,Margo Thierry~*Pierre Chrzanowski~*Ousmane Ly~*Renaud Gaudin~*Tidiane Ball~*anonymous~*Nick Ingalls,Margo Thierry~*Georg Neumann~*Gil Zaretzer~*Pierre Chrzanowski~*Kamil Gregor~*Neal Bastek~*Mor Rubinstein~*Zach Christensen~*Nisha Thompson~*yar michl~*Rebecca Sentance~*Tryggvi Björgvinsson~*Codrina Maria Ilie,109,15,106,11,76,0
tg,Togo,togo,Africa,Africa,Richard Komlan Folly~*anonymous~*Mor Rubinstein,Georg Neumann~*Gil Zaretzer~*Kamil Gregor~*Mor Rubinstein~*Zach Christensen~*Stephen Gates~*Nisha Thompson~*yar michl~*Rebecca Sentance~*Tryggvi Björgvinsson~*Codrina Maria Ilie,109,15,113,0,76,0
ms,Montserrat,montserrat,Americas,,Bruce Hoo Fung~*anonymous~*Tryggvi Björgvinsson,Georg Neumann~*Gil Zaretzer~*Kamil Gregor~*Tryggvi Björgvinsson~*Mor Rubinstein~*Zach Christensen~*Nisha Thompson~*yar michl~*Rebecca Sentance~*Neal Bastek~*Codrina Maria Ilie,114,14,113,0,76,0
lb,Lebanon,lebanon,MENA,Asia,Sadeek Hasna~*Chafic Najjar~*Ploegerieke L~*Tarek Amr~*anonymous~*Tryggvi Björgvinsson,Georg Neumann~*Gil Zaretzer~*Kamil Gregor~*Mor Rubinstein~*Zach Christensen~*Stephen Gates~*Nisha Thompson~*Pieter Colpaert~*Rebecca Sentance~*yar michl~*Tryggvi Björgvinsson~*Codrina Maria Ilie,114,14,92,21,76,0
ae,United Arab Emirates,united-arab-emirates,MENA,UAE,Tarek Amr~*Riyadh Al-Balushi~*anonymous,Georg Neumann~*Gil Zaretzer~*Kamil Gregor~*Tarek Amr~*Mor Rubinstein~*Zach Christensen~*Stephen Gates~*anonymous~*Nisha Thompson~*yar michl~*Rebecca Sentance~*Tryggvi Björgvinsson~*Codrina Maria Ilie,114,14,109,7,76,0
et,Ethiopia,ethiopia,Africa,Africa,Solomon Mekonnen~*anonymous,Georg Neumann~*Kamil Gregor~*Tryggvi Björgvinsson~*Mor Rubinstein~*Zach Christensen~*Bruce Hoo Fung~*Pieter Colpaert~*Rebecca Sentance~*yar michl~*Neal Bastek~*Codrina Maria Ilie,114,14,113,0,76,0
gn,Guinea,guinea,Africa,Africa,DIAAboubacarLO L~*Oleg Lavrovsky~*Pierre Chrzanowski~*anonymous~*Nick Ingalls,Oleg Lavrovsky~*Georg Neumann~*Gil Zaretzer~*Pierre Chrzanowski~*Kamil Gregor~*Mor Rubinstein~*Zach Christensen~*Stephen Gates~*Nisha Thompson~*yar michl~*Rebecca Sentance~*Tryggvi Björgvinsson~*Codrina Maria Ilie,114,14,108,10,76,0
ls,Lesotho,lesotho,Africa,Africa,Mor Rubinstein~*Pierre Chrzanowski~*anonymous~*Ciarán Staunton,Mor Rubinstein~*Christian Villum~*Emma Beer,114,14,94,21,76,0
cy,Cyprus,cyprus,Asia,Asia,Andreas P~*anonymous,anonymous~*Stephen Gates~*Andreas P,120,13,95,20,74,3
bb,Barbados,barbados,LATAM,Americas,Bruce Hoo Fung~*anonymous,Georg Neumann~*Gil Zaretzer~*Kamil Gregor~*Mor Rubinstein~*Zach Christensen~*anonymous~*Nisha Thompson~*yar michl~*Rebecca Sentance~*Tryggvi Björgvinsson~*Codrina Maria Ilie,121,12,87,24,62,24
ne,Niger,niger,Africa,Africa,anonymous,Georg Neumann~*Gil Zaretzer~*Mor Rubinstein~*Zach Christensen~*Nisha Thompson~*yar michl~*Rebecca Sentance~*Tryggvi Björgvinsson~*Codrina Maria Ilie,121,12,113,0,76,0
my,Malaysia,malaysia,Asia,Asia,Hazwany Jamaluddin~*anonymous,Georg Neumann~*Gil Zaretzer~*Kamil Gregor~*Neal Bastek~*Mor Rubinstein~*Zach Christensen~*Nisha Thompson~*yar michl~*Rebecca Sentance~*Tryggvi Björgvinsson~*Codrina Maria Ilie,121,12,113,0,76,0
tl,Timor-Leste,timor-Leste,asia,asia,Tryggvi Björgvinsson~*anonymous,Georg Neumann~*Gil Zaretzer~*Kamil Gregor~*Mor Rubinstein~*Zach Christensen~*Stephen Gates~*Nisha Thompson~*yar michl~*Rebecca Sentance~*Tryggvi Björgvinsson~*Codrina Maria Ilie,121,12,113,0,76,0
ye,Yemen,yemen,MENA,Asia,Riyadh Al-Balushi~*anonymous,Stephen Gates~*Georg Neumann~*Kamil Gregor~*anonymous,121,12,103,14,67,14
aw,Aruba,aruba,LATAM,Americas,Bruce Hoo Fung~*Kimberly Soares,Georg Neumann~*Gil Zaretzer~*Kamil Gregor~*Tryggvi Björgvinsson~*Mor Rubinstein~*Zach Christensen~*Nisha Thompson~*Pieter Colpaert~*Rebecca Sentance~*Neal Bastek~*Codrina Maria Ilie,126,11,113,0,76,0
bs,Bahamas,bahamas,Americas,Americas,Bruce Hoo Fung~*anonymous,Pieter Colpaert~*Georg Neumann~*Gil Zaretzer~*Kamil Gregor~*Tryggvi Björgvinsson~*Mor Rubinstein~*Zach Christensen~*anonymous~*Nisha Thompson~*yar michl~*Rebecca Sentance~*Neal Bastek~*Codrina Maria Ilie,126,11,89,23,63,23
ht,Haiti,haiti,LATAM,Americas,Pierre Chrzanowski~*Tryggvi Björgvinsson~*anonymous,Margo Thierry~*Mor Rubinstein~*Georg Neumann~*Stephen Gates~*Nisha Thompson,126,11,104,13,76,0
vc,St. Vincent & the Grenadines,st.-Vincent-and-the-Grenadines,americas,,Bruce Hoo Fung~*anonymous~*Tryggvi Björgvinsson,Georg Neumann~*Gil Zaretzer~*Kamil Gregor~*Neal Bastek~*Mor Rubinstein~*Zach Christensen~*Nisha Thompson~*yar michl~*Rebecca Sentance~*Tryggvi Björgvinsson~*Codrina Maria Ilie,126,11,113,0,76,0
kh,Cambodia,cambodia,Asia,Asia,Vantharith Oum~*Tryggvi Björgvinsson~*anonymous,Georg Neumann~*Vantharith Oum~*Gil Zaretzer~*Kamil Gregor~*Mor Rubinstein~*Zach Christensen~*Stephen Gates~*Nisha Thompson~*yar michl~*Rebecca Sentance~*Tryggvi Björgvinsson~*Codrina Maria Ilie,126,11,81,26,76,0
sl,Sierra Leone,sierra-leone,Africa,Africa,Pierre Chrzanowski,Katelyn Rogers,131,10,102,15,76,0
dz,Algeria,algeria,MENA,Africa,Tarek Amr~*Aldja Computer~*Tryggvi Björgvinsson,Georg Neumann~*Mor Rubinstein~*Gil Zaretzer~*Kamil Gregor~*yar michl~*Zach Christensen~*Stephen Gates~*Nisha Thompson~*Pieter Colpaert~*Rebecca Sentance~*Tryggvi Björgvinsson~*Codrina Maria Ilie,132,9,113,0,76,0
iq,Iraq,iraq,MENA,Asia,Tarek Amr~*anonymous~*Sadeek Hasna,Georg Neumann~*Gil Zaretzer~*Kamil Gregor~*Mor Rubinstein~*Zach Christensen~*Stephen Gates~*Nisha Thompson~*yar michl~*Rebecca Sentance~*Tryggvi Björgvinsson~*Codrina Maria Ilie,132,9,113,0,76,0
ir,"Iran, Islamic Republic of",iran,MENA,Asia,Tarek Amr,Georg Neumann~*Gil Zaretzer~*Kamil Gregor~*Tryggvi Björgvinsson~*Mor Rubinstein~*Zach Christensen~*Nisha Thompson~*yar michl~*Rebecca Sentance~*Neal Bastek~*Codrina Maria Ilie,134,8,113,0,76,0
vg,"Virgin Islands, British",virgin-islands-british,Americas,Americas,anonymous,anonymous,134,8,105,12,68,12
tc,Turks and Caicos Islands,turks-and-caicos-islands,Americas,Americas,Pierre Chrzanowski~*Bruce Hoo Fung~*anonymous,Georg Neumann~*Gil Zaretzer~*Pierre Chrzanowski~*Neal Bastek~*Mor Rubinstein~*Zach Christensen~*anonymous~*Nisha Thompson~*yar michl~*Rebecca Sentance~*Tryggvi Björgvinsson~*Codrina Maria Ilie,134,8,110,7,74,3
ag,Antigua and Barbuda,antigua-and-barbuda,LATAM,Americas,Bruce Hoo Fung~*anonymous,Georg Neumann~*Gil Zaretzer~*Kamil Gregor~*Tryggvi Björgvinsson~*Mor Rubinstein~*Zach Christensen~*Nisha Thompson~*yar michl~*Rebecca Sentance~*Neal Bastek~*Codrina Maria Ilie,137,7,113,0,76,0
ng,Nigeria,nigeria,Africa,Africa,Pieter Colpaert~*Mor Rubinstein~*Tryggvi Björgvinsson~*anonymous~*Oludotun Babayemi,Oluseun Onigbinde~*Georg Neumann~*Gil Zaretzer~*Kamil Gregor~*Mor Rubinstein~*Zach Christensen~*Stephen Gates~*anonymous~*Nisha Thompson~*Pieter Colpaert~*Rebecca Sentance~*yar michl~*Tryggvi Björgvinsson~*Codrina Maria Ilie,137,7,77,28,58,27
sd,Sudan,sudan,MENA,Africa,Riyadh Al-Balushi~*Sadeek Hasna,Georg Neumann~*Gil Zaretzer~*Kamil Gregor~*Mor Rubinstein~*Zach Christensen~*Stephen Gates~*Nisha Thompson~*yar michl~*Rebecca Sentance~*Tryggvi Björgvinsson~*Codrina Maria Ilie,137,7,113,0,76,0
pe,Peru,peru,LATAM,Americas,Georg Neumann~*Victoria Meneses Carriónizette L,Rebecca Sentance~*Georg Neumann~*Zach Christensen~*Nisha Thompson,137,7,113,0,76,0
kn,Saint Kitts and Nevis,saint-kitts-and-nevis,Americas,Americas,Pierre Chrzanowski~*Bruce Hoo Fung~*anonymous,Georg Neumann~*Gil Zaretzer~*Pierre Chrzanowski~*Kamil Gregor~*Tryggvi Björgvinsson~*Mor Rubinstein~*Zach Christensen~*anonymous~*Nisha Thompson~*yar michl~*Rebecca Sentance~*Neal Bastek~*Codrina Maria Ilie,141,6,107,10,70,8
ly,Libya,libya,MENA,Africa,Tarek Amr~*Maraim Elbadri~*anonymous,Pieter Colpaert~*Georg Neumann~*Gil Zaretzer~*Kamil Gregor~*Mor Rubinstein~*Zach Christensen~*Stephen Gates~*anonymous~*Nisha Thompson~*yar michl~*Rebecca Sentance~*Tryggvi Björgvinsson~*Codrina Maria Ilie,142,5,113,0,76,0
am,Armenia,armenia,Europe,Europe,Abraham Artashesyan,Rebecca Sentance~*Zach Christensen,142,5,113,0,76,0
sy,Syria,syria,mena,Asia,Tarek Amr~*Georg Neumann~*Sadeek Hasna,Georg Neumann~*Gil Zaretzer~*Kamil Gregor~*Mor Rubinstein~*Zach Christensen~*Stephen Gates~*Nisha Thompson~*yar michl~*Rebecca Sentance~*Tryggvi Björgvinsson~*Codrina Maria Ilie,144,4,113,0,76,0
by,Belarus,belarus,Europe,Europe,Krystina Shveda,Rufus Pollock,145,3,113,0,76,0
mm,Myanmar,myanmar,Asia,Asia,YE HTUT WIN~*Tryggvi Björgvinsson~*anonymous,Georg Neumann~*Kamil Gregor~*Tryggvi Björgvinsson~*Mor Rubinstein~*Zach Christensen~*Nisha Thompson~*yar michl~*Rebecca Sentance~*Neal Bastek~*Codrina Maria Ilie,146,2,113,0,76,0
uz,Uzbekistan,uzbekistan,Asia,Asia,Diyora Kabulova,Zach Christensen,146,2,113,0,76,0
ug,Uganda,uganda,Africa,Africa,,,148,0,113,0,76,0
ve,"Venezuela, Bolivarian Republic of",venezuela,LATAM,Americas,,,148,0,113,0,76,0
